<?xml version="1.0" encoding="UTF-8"?>
<project-private xmlns="http://www.netbeans.org/ns/project-private/1">
    <editor-bookmarks xmlns="http://www.netbeans.org/ns/editor-bookmarks/2" lastBookmarkId="0"/>
    <open-files xmlns="http://www.netbeans.org/ns/projectui-open-files/2">
        <group>
            <file>file:/D:/Schule/3.%20Klasse%20Versuch%202.0/POS/Partnerarbeit/Michi_Nico_AHIF16/201_Geschwindigkeitsmessung/src/data/VelocityTableRenderer.java</file>
            <file>file:/D:/Schule/3.%20Klasse%20Versuch%202.0/POS/Partnerarbeit/Michi_Nico_AHIF16/201_Geschwindigkeitsmessung/src/dal/DAL.java</file>
        </group>
    </open-files>
</project-private>
